SEC61,SEC62,SEC63,SEC66,SEC72,SBH1,SBH2,SSH1,SSS1,fold change
9904,25041,9904,9904,25041,361,361,23,25041,14.65982003
9904,25041,25041,23,25041,361,25041,361,25041,12.52865373
9904,9904,9904,25041,9904,25041,23,23,25041,12.42111726
9904,9904,9904,25041,9904,25041,23,23,25041,12.1698449
361,25041,9904,25041,23,23,361,23,25041,10.29685332
9904,9904,9904,361,25041,25041,361,361,361,9.756568019
361,9904,9904,25041,9904,361,9904,361,9904,9.512768365
9904,9904,9904,361,361,25041,9904,9904,25041,9
9904,9904,9904,25041,25041,361,23,361,361,8.585682865
9904,25041,9904,23,361,23,9904,23,9904,8.258824113
9904,25041,9904,361,25041,9904,9904,361,361,8.104769121
9904,9904,9904,9904,25041,23,9904,23,25041,7.858371717
361,9904,9904,25041,25041,9904,25041,23,361,7.805666772
9904,361,361,25041,361,361,25041,361,361,7.719387227
9904,25041,25041,9904,361,9904,9904,23,9904,7.630641533
361,9904,9904,25041,25041,361,361,23,9904,7.293547571
9904,9904,9904,25041,9904,361,9904,23,23,7.145067156
23,9904,9904,25041,9904,25041,361,361,23,7.137793703
9904,9904,9904,9904,25041,23,361,23,25041,7.008154558
361,9904,9904,25041,9904,361,9904,9904,25041,6.804138423
23,361,361,25041,361,361,25041,9904,25041,6.673604455
9904,25041,25041,25041,9904,361,25041,9904,9904,6.567057175
9904,9904,9904,25041,9904,361,9904,23,361,6.496373685
9904,9904,9904,9904,25041,361,25041,23,25041,6.480920247
9904,9904,9904,9904,9904,23,361,23,23,6.43125051
9904,9904,9904,9904,9904,23,25041,23,9904,6.071784504
9904,9904,9904,361,25041,9904,9904,361,9904,5.816499641
23,9904,9904,25041,25041,9904,361,23,9904,5.508055551
9904,25041,25041,361,25041,361,25041,23,361,5.295917809
9904,9904,9904,9904,9904,23,25041,23,9904,5.063799777
9904,9904,9904,25041,9904,361,9904,23,361,5.04955713
361,9904,9904,25041,25041,9904,25041,23,361,5.008373529
361,9904,9904,9904,25041,361,9904,23,361,4.956768396
9904,9904,9904,25041,9904,361,9904,23,361,4.905827772
9904,9904,9904,361,25041,9904,361,23,9904,4.886675879
361,9904,9904,9904,9904,361,361,361,361,4.876048634
361,9904,9904,9904,25041,361,9904,23,361,4.800954714
361,9904,9904,361,25041,25041,361,23,23,4.790903514
361,9904,9904,25041,25041,23,361,23,9904,4.701304543
9904,25041,25041,23,9904,361,25041,23,9904,4.552842634
361,9904,9904,361,9904,25041,361,9904,9904,4.491900074
9904,25041,9904,25041,9904,25041,23,361,9904,4.450028051
9904,25041,25041,9904,9904,23,25041,23,361,4.433962765
9904,23,23,361,23,361,361,23,9904,4.343233718
361,25041,9904,25041,25041,23,361,23,25041,4.280381048
361,25041,9904,25041,23,23,361,23,361,4.280381048
9904,25041,9904,9904,25041,23,361,9904,361,4.268096608
9904,23,361,9904,361,23,25041,361,361,4.107253614
361,9904,9904,9904,9904,361,361,361,361,4.086859082
361,9904,9904,23,23,25041,361,361,361,4.007459526
9904,25041,361,361,9904,23,25041,23,9904,3.987956499
361,9904,9904,9904,9904,361,361,361,361,3.923668008
9904,25041,361,361,361,23,9904,23,361,3.878383389
9904,9904,9904,9904,9904,23,361,23,23,3.791329244
9904,9904,9904,9904,9904,23,361,23,23,3.745965386
9904,9904,9904,25041,9904,361,9904,23,23,3.741641284
9904,9904,25041,23,23,361,25041,361,9904,3.703393581
9904,23,361,361,23,361,361,23,25041,3.689260139
23,25041,9904,361,361,23,9904,23,9904,3.689260139
23,361,361,361,9904,9904,23,361,9904,3.688934924
23,361,361,361,9904,25041,25041,361,9904,3.639631675
9904,9904,9904,25041,9904,361,9904,23,23,3.63563678
25041,361,361,23,9904,23,9904,23,23,3.584890407
9904,9904,9904,361,9904,25041,361,23,361,3.574773014
23,361,361,25041,23,361,9904,9904,9904,3.495044511
23,9904,9904,25041,9904,25041,23,361,25041,3.45894112
9904,361,361,9904,361,361,9904,23,23,3.456580952
25041,9904,361,25041,9904,23,25041,361,23,3.452786854
23,361,361,25041,23,361,9904,9904,9904,3.358057145
9904,9904,9904,23,361,23,9904,23,25041,3.321319178
9904,25041,9904,9904,9904,23,361,23,23,3.31359352
9904,9904,9904,25041,9904,23,23,361,361,3.306673485
9904,9904,9904,25041,9904,23,25041,361,23,3.27357274
23,25041,9904,25041,9904,25041,361,361,23,3.267567075
9904,9904,9904,361,361,9904,23,361,9904,3.242001053
9904,25041,9904,25041,9904,25041,23,361,9904,3.219308808
361,9904,9904,23,23,25041,361,361,361,2.949038138
23,361,361,361,9904,9904,23,361,9904,2.93409741
361,25041,9904,25041,9904,9904,9904,23,9904,2.888086235
9904,23,23,361,9904,23,9904,23,23,2.850102858
361,23,361,25041,361,361,25041,9904,9904,2.84617617
361,361,361,25041,361,25041,9904,23,361,2.827342254
361,25041,9904,361,9904,9904,25041,23,25041,2.815566605
23,361,361,25041,9904,25041,9904,23,361,2.769489222
361,25041,9904,9904,25041,361,23,23,361,2.714723957
9904,9904,9904,361,25041,361,9904,23,23,2.691547812
23,9904,9904,23,361,361,361,23,23,2.65241988
9904,361,361,23,361,361,361,361,25041,2.648595079
361,9904,9904,361,25041,25041,361,23,25041,2.630327686
9904,361,361,25041,9904,23,9904,361,23,2.624905386
361,361,361,361,9904,23,25041,361,361,2.614747761
9904,9904,25041,25041,9904,361,25041,23,9904,2.589240132
9904,9904,25041,23,9904,361,25041,23,25041,2.580555833
361,9904,9904,23,23,25041,361,361,361,2.570039347
361,9904,9904,9904,361,25041,25041,23,361,2.538150369
9904,23,361,361,23,361,361,23,25041,2.492153435
9904,361,361,25041,9904,361,9904,361,25041,2.32735518
361,361,361,25041,9904,25041,9904,361,361,2.296884272
9904,25041,25041,9904,25041,23,361,361,25041,2.280139898
9904,361,361,25041,361,9904,9904,23,9904,2.216714749
361,361,361,361,361,25041,9904,9904,25041,2.146031026
25041,9904,25041,361,9904,361,9904,23,361,2.064442855
9904,23,361,361,23,361,361,23,25041,2.050209461
9904,23,361,361,23,361,361,23,25041,1.940899322
9904,23,361,361,23,361,361,23,25041,1.796421514
9904,23,361,361,23,361,361,23,25041,1.767290777
23,9904,23,23,361,25041,23,23,9904,1.690476292
361,23,25041,9904,361,23,23,25041,361,1.497996303
23,9904,9904,23,23,361,23,9904,25041,1.266077267
23,361,25041,9904,23,9904,361,361,25041,1.146246404
361,23,25041,25041,9904,23,9904,23,361,1.056164247
361,23,25041,9904,361,9904,361,23,23,1.042900432
23,23,25041,25041,23,25041,23,23,23,1.022336669
0.001,0.001,9904,9904,23,23,361,23,25041,1.014924758
9904,23,25041,25041,23,23,23,361,25041,1.009223417
23,23,9904,9904,23,23,361,23,9904,0.976145897
23,361,9904,23,9904,23,361,25041,23,0.968982996
361,23,25041,25041,9904,9904,361,23,361,0.967091651
9904,361,25041,23,23,23,23,23,25041,0.96183459
361,23,25041,9904,361,9904,361,23,361,0.95994522
23,23,9904,9904,361,361,23,361,25041,0.950296583
23,361,25041,361,23,361,361,361,25041,0.948615028
23,23,9904,9904,361,9904,25041,361,23,0.946530017
23,23,25041,361,9904,23,25041,361,9904,0.944020935
23,23,25041,25041,25041,23,25041,23,23,0.944020935
9904,361,25041,9904,23,23,23,23,23,0.942292476
361,361,25041,9904,23,9904,9904,361,23,0.939967437
361,23,25041,9904,23,23,9904,23,9904,0.937063963
23,23,9904,25041,23,361,9904,361,25041,0.930849406
361,361,9904,361,23,23,9904,361,23,0.927723255
9904,361,25041,9904,23,361,23,9904,23,0.918217327
361,23,25041,361,23,23,361,23,361,0.91725014
361,23,25041,9904,23,9904,25041,23,9904,0.914765485
23,23,9904,9904,23,9904,9904,23,361,0.901235228
23,361,25041,25041,9904,23,361,23,23,0.899983287
23,23,9904,9904,361,361,25041,23,361,0.893367316
361,23,9904,25041,361,361,23,23,23,0.891355752
23,361,25041,361,23,361,361,361,25041,0.888841716
23,361,25041,23,23,361,9904,361,361,0.88519209
23,361,9904,9904,23,23,9904,361,9904,0.882553912
23,361,25041,361,23,23,23,23,361,0.876780959
361,23,9904,25041,23,23,23,23,9904,0.873378092
23,361,25041,9904,23,361,25041,23,361,0.870308111
361,361,9904,9904,361,361,23,361,23,0.870138993
23,361,9904,25041,23,23,361,361,23,0.86989945
361,361,25041,9904,23,23,9904,23,23,0.863478394
23,361,25041,361,23,9904,9904,23,361,0.849836506
23,23,9904,25041,23,0.001,0.001,361,23,0.849420915
361,23,9904,9904,23,361,23,23,23,0.82523431